<?xml version="1.0" encoding="UTF-8"?><testrun duration="161" footerText="由 IntelliJ IDEA 在 2025/12/31 11:03 生成" name="parking-lot-calculator中的所有">
    <count name="total" value="37"/>
    <count name="passed" value="37"/>
    <config nameIsGenerated="true" configId="JUnit" name="parking-lot-calculator中的所有">
        <module name="parking-lot-calculator"/>
        <option name="PACKAGE_NAME" value=""/>
        <option name="TEST_OBJECT" value="package"/>
        <method v="2">
            <option name="Make" enabled="true"/>
        </method>
    </config>
    <root name="&lt;default package&gt;" location="java:suite://&lt;default package&gt;">
        <output type="stdout">E:\java21\bin\java.exe "-javaagent:C:\Users\Administrator\AppData\Local\JetBrains\IntelliJIdea2025.2\captureAgent\debugger-agent.jar=file:///C:/Users/ADMINI~1/AppData/Local/Temp/capture14195058302613228967.props" -ea -javaagent:C:\Users\Administrator\AppData\Local\JetBrains\IntelliJIdea2025.2\testAgent\intellij.platform.coverage.agent.jar=C:\Users\Administrator\AppData\Local\Temp\coverageargs -Didea.coverage.calculate.hits=true -Didea.test.cyclic.buffer.size=1048576 "-javaagent:E:\IntelliJ IDEA 2025.2\lib\idea_rt.jar=52186" -Dkotlinx.coroutines.debug.enable.creation.stack.trace=false -Ddebugger.agent.enable.coroutines=true -Dkotlinx.coroutines.debug.enable.flows.stack.trace=true -Dkotlinx.coroutines.debug.enable.mutable.state.flows.stack.trace=true -Dfile.encoding=UTF-8 -Dsun.stdout.encoding=UTF-8 -Dsun.stderr.encoding=UTF-8 -classpath "C:\Users\Administrator\.m2\repository\org\junit\platform\junit-platform-launcher\1.10.0\junit-platform-launcher-1.10.0.jar;E:\IntelliJ IDEA 2025.2\lib\idea_rt.jar;E:\IntelliJ IDEA 2025.2\plugins\junit\lib\junit5-rt.jar;E:\IntelliJ IDEA 2025.2\plugins\junit\lib\junit-rt.jar;F:\python111\爱吃鸭梨\JUnit项目\target\test-classes;F:\python111\爱吃鸭梨\JUnit项目\target\classes;C:\Users\Administrator\.m2\repository\org\junit\jupiter\junit-jupiter-api\5.10.0\junit-jupiter-api-5.10.0.jar;C:\Users\Administrator\.m2\repository\org\opentest4j\opentest4j\1.3.0\opentest4j-1.3.0.jar;C:\Users\Administrator\.m2\repository\org\junit\platform\junit-platform-commons\1.10.0\junit-platform-commons-1.10.0.jar;C:\Users\Administrator\.m2\repository\org\apiguardian\apiguardian-api\1.1.2\apiguardian-api-1.1.2.jar;C:\Users\Administrator\.m2\repository\org\junit\jupiter\junit-jupiter-engine\5.10.0\junit-jupiter-engine-5.10.0.jar;C:\Users\Administrator\.m2\repository\org\junit\platform\junit-platform-engine\1.10.0\junit-platform-engine-1.10.0.jar" com.intellij.rt.junit.JUnitStarter -ideVersion5 -junit5 @w@C:\Users\Administrator\AppData\Local\Temp\idea_working_dirs_junit.tmp @C:\Users\Administrator\AppData\Local\Temp\idea_junit.tmp -socket52185
进程已结束，退出代码为 0
</output>
    </root>
    <suite duration="128" locationUrl="java:suite://org.example.PeriodTest" name="PeriodTest" status="passed">
        <test duration="85" locationUrl="java:test://org.example.PeriodTest/test7_StartLessThanZero_EndGreaterThan24" name="测试7: 起始时段 &lt; 0 且 结束时段 &gt; 24" metainfo="" status="passed"/>
        <test duration="12" locationUrl="java:test://org.example.PeriodTest/test10_StartEqualsEnd" name="测试10: 起始时段 == 结束时段" metainfo="" status="passed"/>
        <test duration="1" locationUrl="java:test://org.example.PeriodTest/test11_ValidPeriod" name="测试11: 有效时段创建" metainfo="" status="passed"/>
        <test duration="4" locationUrl="java:test://org.example.PeriodTest/test13_IsIn_HourInPeriod" name="测试13: isIn方法 - 小时在时段内" metainfo="" status="passed"/>
        <test duration="3" locationUrl="java:test://org.example.PeriodTest/test9_StartGreaterOrEqualEnd" name="测试9: 起始时段 &gt;= 结束时段" metainfo="" status="passed"/>
        <test duration="3" locationUrl="java:test://org.example.PeriodTest/test18_Overlaps_BranchCoverage" name="测试18: overlaps分支覆盖 - 外层true内层false" metainfo="" status="passed"/>
        <test duration="2" locationUrl="java:test://org.example.PeriodTest/test5_BothLessThanZero" name="测试5: 起始时段 &lt; 0 且 结束时段 &lt; 0" metainfo="" status="passed"/>
        <test duration="2" locationUrl="java:test://org.example.PeriodTest/test3_StartValid_EndLessThanZero" name="测试3: 起始时段有效 且 结束时段 &lt; 0" metainfo="" status="passed"/>
        <test duration="2" locationUrl="java:test://org.example.PeriodTest/test2_StartGreaterThan24_EndValid" name="测试2: 起始时段 &gt; 24 且 结束时段有效" metainfo="" status="passed"/>
        <test duration="1" locationUrl="java:test://org.example.PeriodTest/test1_StartLessThanZero_EndValid" name="测试1: 起始时段 &lt; 0 且 结束时段有效" metainfo="" status="passed"/>
        <test duration="4" locationUrl="java:test://org.example.PeriodTest/test6_BothGreaterThan24" name="测试6: 起始时段 &gt; 24 且 结束时段 &gt; 24" metainfo="" status="passed"/>
        <test duration="1" locationUrl="java:test://org.example.PeriodTest/test16_Overlaps_False" name="测试16: overlaps方法 - 时段不重叠" metainfo="" status="passed"/>
        <test duration="1" locationUrl="java:test://org.example.PeriodTest/test12_BoundaryValues" name="测试12: 边界值 0-24" metainfo="" status="passed"/>
        <test duration="1" locationUrl="java:test://org.example.PeriodTest/test15_Overlaps_True" name="测试15: overlaps方法 - 时段重叠" metainfo="" status="passed"/>
        <test duration="1" locationUrl="java:test://org.example.PeriodTest/test4_StartValid_EndGreaterThan24" name="测试4: 起始时段有效 且 结束时段 &gt; 24" metainfo="" status="passed"/>
        <test duration="1" locationUrl="java:test://org.example.PeriodTest/test17_Overlaps_Adjacent" name="测试17: overlaps方法 - 边界情况（相邻不重叠）" metainfo="" status="passed"/>
        <test duration="1" locationUrl="java:test://org.example.PeriodTest/test14_IsIn_HourNotInPeriod" name="测试14: isIn方法 - 小时不在时段内" metainfo="" status="passed"/>
        <test duration="3" locationUrl="java:test://org.example.PeriodTest/test8_StartGreaterThan24_EndLessThanZero" name="测试8: 起始时段 &gt; 24 且 结束时段 &lt; 0" metainfo="" status="passed"/>
    </suite>
    <suite duration="33" locationUrl="java:suite://org.example.RateTest" name="RateTest" status="passed">
        <test duration="7" locationUrl="java:test://org.example.RateTest/test15_CalculateNonVisitor" name="测试15: 非访客费用计算" metainfo="" status="passed"/>
        <test duration="1" locationUrl="java:test://org.example.RateTest/test8_BothGreaterThan10" name="测试8: 正常费率 &gt; 10 且 优惠费率 &gt; 10" metainfo="" status="passed"/>
        <test duration="1" locationUrl="java:test://org.example.RateTest/test1_NormalRateLessThanZero_ReducedValid" name="测试1: 正常费率 &lt; 0 且 优惠费率有效" metainfo="" status="passed"/>
        <test duration="2" locationUrl="java:test://org.example.RateTest/test13_NormalAndReducedOverlap" name="测试13: 正常列表与优惠列表重叠" metainfo="" status="passed"/>
        <test duration="2" locationUrl="java:test://org.example.RateTest/test5_BothLessThanZero" name="测试5: 正常费率 &lt; 0 且 优惠费率 &lt; 0" metainfo="" status="passed"/>
        <test duration="1" locationUrl="java:test://org.example.RateTest/test9_NormalLessOrEqualReduced" name="测试9: 正常费率 &lt;= 优惠费率" metainfo="" status="passed"/>
        <test duration="2" locationUrl="java:test://org.example.RateTest/test10_NormalValid_ReducedInvalid" name="测试10: 正常列表有效 且 优惠列表无效（内部重叠）" metainfo="" status="passed"/>
        <test duration="1" locationUrl="java:test://org.example.RateTest/test7_NormalGreaterThan10_ReducedLessThanZero" name="测试7: 正常费率 &gt; 10 且 优惠费率 &lt; 0" metainfo="" status="passed"/>
        <test duration="2" locationUrl="java:test://org.example.RateTest/test17_CalculateOnlyNormalPeriod" name="测试17: 仅在正常时段停留" metainfo="" status="passed"/>
        <test duration="1" locationUrl="java:test://org.example.RateTest/test12_BothInvalid" name="测试12: 正常列表无效 且 优惠列表无效" metainfo="" status="passed"/>
        <test duration="2" locationUrl="java:test://org.example.RateTest/test11_NormalInvalid_ReducedValid" name="测试11: 正常列表无效 且 优惠列表有效" metainfo="" status="passed"/>
        <test duration="1" locationUrl="java:test://org.example.RateTest/test2_NormalRateGreaterThan10_ReducedValid" name="测试2: 正常费率 &gt; 10 且 优惠费率有效" metainfo="" status="passed"/>
        <test duration="1" locationUrl="java:test://org.example.RateTest/test16_CalculateVisitor" name="测试16: 访客免费" metainfo="" status="passed"/>
        <test duration="2" locationUrl="java:test://org.example.RateTest/test3_NormalValid_ReducedLessThanZero" name="测试3: 正常费率有效 且 优惠费率 &lt; 0" metainfo="" status="passed"/>
        <test duration="2" locationUrl="java:test://org.example.RateTest/test4_NormalValid_ReducedGreaterThan10" name="测试4: 正常费率有效 且 优惠费率 &gt; 10" metainfo="" status="passed"/>
        <test duration="1" locationUrl="java:test://org.example.RateTest/test14_ValidRateCreation" name="测试14: 有效Rate创建" metainfo="" status="passed"/>
        <test duration="1" locationUrl="java:test://org.example.RateTest/test19_BoundaryRates" name="测试19: 边界值费率 0 和 10" metainfo="" status="passed"/>
        <test duration="2" locationUrl="java:test://org.example.RateTest/test6_NormalLessThanZero_ReducedGreaterThan10" name="测试6: 正常费率 &lt; 0 且 优惠费率 &gt; 10" metainfo="" status="passed"/>
        <test duration="1" locationUrl="java:test://org.example.RateTest/test18_CalculateOnlyReducedPeriod" name="测试18: 仅在优惠时段停留" metainfo="" status="passed"/>
    </suite>
</testrun>
